frame.time_epoch,icmp.seq,simulated
0.000000,0,1
1.017320,1,1
2.020191,2,1
3.022512,3,1
4.010027,4,1
5.017381,5,1
6.015915,6,1
7.026640,7,1
8.017568,8,1
9.020885,9,1
10.016266,10,1
11.018222,11,1
12.019609,12,1
13.016943,13,1
14.018125,14,1
15.016268,15,1
16.020380,16,1
17.017161,17,1
18.025558,18,1
19.016200,19,1
20.020902,20,1
21.039872,21,1
22.043393,22,1
23.053089,23,1
24.053910,24,1
25.053012,25,1
26.053455,26,1
27.059890,27,1
28.059030,28,1
29.055097,29,1
30.048386,30,1
31.049506,31,1
32.049763,32,1
33.051941,33,1
34.082599,34,1
35.087781,35,1
36.083589,36,1
37.083249,37,1
38.090728,38,1
39.087066,39,1
40.083988,40,1
41.082369,41,1
42.088524,42,1
43.087174,43,1
44.082285,44,1
45.087375,45,1
46.086636,46,1
47.082627,47,1
48.086885,48,1
49.081530,49,1
50.090469,50,1
51.090892,51,1
52.083020,52,1
53.083327,53,1
54.087268,54,1
55.085934,55,1
56.096560,56,1
57.097388,57,1
58.093231,58,1
59.096557,59,1
60.091128,60,1
61.094974,61,1
62.097363,62,1
63.091779,63,1
